{"ret": 1, "msg": "Ok", "g": "4bfc3c3693b046099d48af044d6bc052", "dat": [{"no": "LX679316884US", "delay": 0, "yt": null, "track": {"b": 2105, "c": 905, "e": 10, "f": -1, "w1": 21051, "w2": 9051, "is1": 1, "is2": 1, "hs": -1920352997, "z0": {"a": "2021-09-27 13:32", "b": null, "c": "DUBLIN MAIL CENTRE, DUBLIN 12", "d": "", "z": "Your delivery has been sorted"}, "ln9": null, "ln1": "en", "ln2": "en", "ygt9": 0, "ygt1": 0, "ygt2": 0, "ylt9": "2079-01-01 00:00:00", "ylt1": "2021-09-28 04:02:32", "ylt2": "2021-09-28 04:02:36", "z9": [], "z1": [{"a": "2021-09-27 13:32", "b": null, "c": "IRELAND", "d": "DUBLIN DELIVERY", "z": "Processed through Facility -> Your item was processed through a facility in DUBLIN DELIVERY, IRELAND on September 27, 2021 at 1:32 pm. The item is currently in transit to the destination."}, {"a": "2021-09-24 16:35", "b": null, "c": "IRELAND", "d": "DUBLIN DELIVERY", "z": "Processed through Facility"}, {"a": "2021-09-24 16:33", "b": null, "c": "IRELAND", "d": "", "z": "Processed Through Facility"}, {"a": "2021-09-15 09:47", "b": null, "c": "IRELAND", "d": "DUBLIN", "z": "Departed"}, {"a": "2021-09-14 21:21", "b": null, "c": "UNITED STATES", "d": "NEW YORK", "z": "Departed"}, {"a": "2021-09-12 11:03", "b": null, "c": "UNITED STATES", "d": "LOS ANGELES", "z": "Departed"}, {"a": "2021-09-12 06:31", "b": null, "c": "UNITED STATES", "d": "LOS ANGELES", "z": "Arrived"}, {"a": "2021-09-11 18:13", "b": null, "c": "", "d": "LOS ANGELES CA INTERNATIONAL DISTRIBUTION CENTER", "z": "Processed Through Regional Facility"}, {"a": "2021-09-11 18:13", "b": null, "c": "", "d": "LOS ANGELES CA INTERNATIONAL DISTRIBUTION CENTER", "z": "Arrived at Regional Facility"}, {"a": "2021-09-10 00:15", "b": null, "c": "", "d": "LOS ANGELES CA INTERNATIONAL DISTRIBUTION CENTER", "z": "Processed Through Regional Facility"}, {"a": "2021-09-10 00:15", "b": null, "c": "", "d": "LOS ANGELES CA INTERNATIONAL DISTRIBUTION CENTER", "z": "Arrived at Regional Facility"}, {"a": "2021-09-09 17:39", "b": null, "c": "", "d": "LOS ANGELES, CA 90009", "z": "Shipment Received, Package Acceptance Pending"}, {"a": "2021-09-09 17:06", "b": null, "c": "", "d": "COMPTON, CA 90220", "z": "Arrived Shipping Partner Facility, USPS Awaiting Item"}, {"a": "2021-09-09 11:08", "b": null, "c": "", "d": "LOS ANGELES, CA 90051", "z": "Arrived Shipping Partner Facility, USPS Awaiting Item"}, {"a": "2021-09-09 06:10", "b": null, "c": "", "d": "LOS ANGELES, CA 90051", "z": "Departed Shipping Partner Facility, USPS Awaiting Item"}, {"a": "2021-09-09 05:25", "b": null, "c": "", "d": "LOS ANGELES, CA 90001", "z": "Arrived Shipping Partner Facility, USPS Awaiting Item"}, {"a": "2021-09-09 03:08", "b": null, "c": "", "d": "LOS ANGELES, CA 90052", "z": "Arrived Shipping Partner Facility, USPS Awaiting Item"}, {"a": "2021-09-09 01:53", "b": null, "c": "", "d": "PLACENTIA, CA 92870", "z": "Arrived Shipping Partner Facility, USPS Awaiting Item"}, {"a": "2021-09-07 13:00", "b": null, "c": "", "d": "ANAHEIM, CA 92806", "z": "Shipping Label Created, USPS Awaiting Item"}], "z2": [{"a": "2021-09-27 13:32", "b": null, "c": "DUBLIN MAIL CENTRE, DUBLIN 12", "d": "", "z": "Your delivery has been sorted"}, {"a": "2021-09-27 13:27", "b": null, "c": "DUBLIN MAIL CENTRE, DUBLIN 12", "d": "", "z": "We have your post in"}, {"a": "2021-09-24 16:35", "b": null, "c": "DUBLIN MAIL CENTRE, DUBLIN 12", "d": "", "z": "Your delivery has been sorted"}, {"a": "2021-09-24 16:34", "b": null, "c": "DUBLIN MAIL CENTRE, DUBLIN 12", "d": "", "z": "We have your post in"}, {"a": "2021-09-24 16:33", "b": null, "c": "DUBLIN MAIL CENTRE, DUBLIN 12", "d": "", "z": "Your delivery was received by An Post in"}, {"a": "2021-09-23 18:10", "b": null, "c": "", "d": "", "z": "Your item is in Ireland. A customs charge has been applied and details have been sent to you. You can pay the fee on our website, or at your local Post Office."}], "yt": null, "zex": {"trN": "", "trC": 0, "psex": 0, "pickup": true, "dt": 1631019600000, "dtS": 1631019600000, "dtP": 0, "dtD": 0, "dtL": 1632749520000}}}]}