[{"productId": "ASSWFzZkR0cEVmeDFycTEwWFl0ZDhFVlF0SHMvUEFoeVJCQzFjaEM5aXNrRT0=", "title": "Handmade Paper Full of Ancient Bamboo Leaf Oil Paper Umbrella Rain-Proof Practical Female Chinese Style", "imageUrl": "https://ae01.alicdn.com/kf/H18e0eccec59c40d29a3de546ff8eb8c4v.jpg_220x220.jpg", "detailUrl": "https://api.aliseeks.com/products/redirect?path=c%2FDORMoUeWB6jXHhPe3h658ZHnXMa7rIOctRk4MJqNKQSKwAiV05d3ch%2FYIH1a99pIwH1pfgNUxcIolgMXXtPMp14pnzZfhERyBUKOU7upE9T%2ByUItJTIjXyvgzTuKTjaJZnCCshH3%2FydK3M8LIAmxNw744E5VNFBw3olC8rTnIC7cnWstmuu3fjB%2FOFsEa02M8EoIpRmUkXzXI7xC5m6wUJu5Ocv1wzWngeABs3Nko%3D&tag", "lotSize": 1, "unitPrice": {"currency": "USD", "value": "132.6", "display": "US $132.60"}, "grossUnitPrice": {"currency": "USD", "value": "132.6", "display": "US $132.60"}, "price": {"currency": "USD", "value": "132.6", "display": "US $132.60"}, "grossPrice": {"currency": "USD", "value": "132.6", "display": "US $132.60"}, "orders": 0, "displayFlags": [], "seller": {}, "flags": {"freeShipping": false}, "real_product_id": "1005002285953441"}, {"productId": "ASbVc5a09WY09xcnViYVc2bjQyb05Ub01iTHpYeUdQNE5KQkExZnozYy9ZWT0=", "title": "Oil Paper Umbrella Handmade Traditional Rainproof Umbrella Props Tung Oil Umbrella Paraguas Guarda Chuva Parapluie Sombrilla", "imageUrl": "https://ae01.alicdn.com/kf/Hf1b11b13d5f848d29ccb426501fa9520h.jpg_220x220.jpg", "detailUrl": "https://api.aliseeks.com/products/redirect?path=NtIppFKInoTB%2FF%2B4IUeWRw%2Bt4tfTEYMDiCSZWVmRYrXirgA0qx2%2FaZ%2B55GI44btv0zfs%2FMmfS5XclFuawGnrpVXLpwBcMy3eJYluPlmeDGU2z0x1xU3ihpQvY7WvzzYJk5%2BYpG6XG30lZ%2BNkLmi69%2FwuGBpPTuM73is56Q5fQEHXJnwB8RupO4zVn72VnHLa4lt0bVGanumAYtoW9ZHDt4BRxW2lvtS%2BoqbcZ0h3FHg%3D&tag", "lotSize": 1, "unitPrice": {"currency": "USD", "value": "30.72", "display": "US $30.72"}, "grossUnitPrice": {"currency": "USD", "value": "30.72", "display": "US $30.72"}, "price": {"currency": "USD", "value": "30.72", "display": "US $30.72"}, "grossPrice": {"currency": "USD", "value": "30.72", "display": "US $30.72"}, "ratings": 5.0, "orders": 3, "displayFlags": [], "seller": {}, "flags": {"freeShipping": false}, "real_product_id": "1005001832165386"}, {"productId": "ASbDd1WTZVQ0dNYWlGVkhyb3c0UWF6NGdudWZBR0FSRVQ=", "title": "Wedding Bride Parasols White Paper Wooden Handle Chinese Craft Umbrella 40cm 60cm Wedding Supply", "imageUrl": "https://ae01.alicdn.com/kf/H6acf615fad9e43349bfe230ca1134fdd8.jpg_220x220.jpg", "detailUrl": "https://api.aliseeks.com/products/redirect?path=a8%2BDR8VzM%2FuO%2B%2B4zPw0HTSYeBJgdFAjkwqXF8%2Buo7PY%2BBa3M95ViuAjurmVfmirgOEKO078EiFuZbRTgICj831YGVuVjecE2SmIP3fhJ3kp60dUj30SbXXiWPLAIEPBLrQtnNgHER6ffvxL1d4wcagEW7W05gAYe6F%2FHpvqQ0YaoR8GbW9IQaa8SpkqbP7COD6y9S%2F2i2ZcYaoJpoOaKrv9%2Fh5DTL8Fm&tag", "lotSize": 1, "unitPrice": {"currency": "USD", "value": "146.3", "display": "US $146.30"}, "grossUnitPrice": {"currency": "USD", "value": "146.3", "display": "US $146.30"}, "price": {"currency": "USD", "value": "146.3", "display": "US $146.30"}, "grossPrice": {"currency": "USD", "value": "146.3", "display": "US $146.30"}, "orders": 0, "displayFlags": [], "seller": {}, "flags": {"freeShipping": false}, "real_product_id": "10000003877940"}, {"productId": "ASMDFrdFQ1a0lrdEN5VldSbmIvelYvTTVjSkxNVTlERDA=", "title": "Cultural heritage full paper umbrella Leaf Rainproof Sunshade Oiled paper umbrella Botany Bamboo paraguas mujer chinese hanfu", "imageUrl": "https://ae01.alicdn.com/kf/HTB1K99.cG5s3KVjSZFNq6AD3FXan.jpg_220x220.jpg", "detailUrl": "https://api.aliseeks.com/products/redirect?path=6Lucnt%2Fv%2F3ijp9bljjjGXcnL44zNG%2FA07V2rJTPsDiRa9reefQYT0KcMFS2V0QRaGtRWo7eJ%2FA1C4wPCCO79gemI5GO0nIeJvnTe7ZpArJcTxwlZik52uX3mq3nOPPw5S52JzlOi%2BL232szneLEdc6TlBTBfKPrB9bd42p5IXDNgzh6aC3rMyQX2yWHgJQ%2BvYqOMf1hJrk8bCg9x8X3vqiRq1OMebyxE&tag", "lotSize": 1, "unitPrice": {"currency": "USD", "value": "38.99", "display": "US $38.99"}, "grossUnitPrice": {"currency": "USD", "value": "38.99", "display": "US $38.99"}, "price": {"currency": "USD", "value": "38.99", "display": "US $38.99"}, "grossPrice": {"currency": "USD", "value": "38.99", "display": "US $38.99"}, "orders": 0, "displayFlags": [], "seller": {}, "flags": {"freeShipping": false}, "real_product_id": "33040310238"}, {"productId": "ASeTNreWpVK3g0Ylcyd3dUS1oycnVLR0lHdy9NaG04TS8=", "title": "Wedding Bride Parasols White Paper Umbrella Wooden Handle Chinese Craft Umbrella LX6333", "imageUrl": "https://ae01.alicdn.com/kf/HTB1cbKcPAvoK1RjSZFDq6xY3pXaS.jpg_220x220.jpg", "detailUrl": "https://api.aliseeks.com/products/redirect?path=FZZteTKIwzzYvAnPXJMlvgHSPugPIOW2wMG%2Fr1DjtQv10eO6Gre9LbGYN5iXVHhVqESGsl3wnjnNCNdaWZd8ScJx26duG48jJqFRUTM6MLBW%2FIJLRpXgwQ%2FMvRLb24U9%2BJ9elLZ6hGUB3ucWL2EDsrPsn2uleZl1As0G3r6jnfKo8N1tftOlsH9paLDYAWQ7DF2pnAYASckjHCDVnp4H0BQLVtfjIDtI&tag", "lotSize": 1, "unitPrice": {"currency": "USD", "value": "155.0", "display": "US $155.00"}, "grossUnitPrice": {"currency": "USD", "value": "155.0", "display": "US $155.00"}, "price": {"currency": "USD", "value": "155.0", "display": "US $155.00"}, "grossPrice": {"currency": "USD", "value": "155.0", "display": "US $155.00"}, "orders": 1, "displayFlags": [], "seller": {}, "flags": {"freeShipping": false}, "real_product_id": "32999014200"}, {"productId": "ASUkhPcnU1dXhIZUJBVE9BemdPOVJITjJySk93ZkdlUFk=", "title": "Japanese Performance Show umbrella Oriental classical Cherry blossom sushi restaurant Prop Japan Geisha TV Movie Stage umbrella", "imageUrl": "https://ae01.alicdn.com/kf/HTB1ferHPVzqK1RjSZFoq6zfcXXa3.jpg_220x220.jpg", "detailUrl": "https://api.aliseeks.com/products/redirect?path=qDPy8gNWIfZ4k75H%2FketvcSKjXEAMw29%2FBPxBkQ5ixWINYGZMrQAvunlYM31NQeJEJgA%2FcD%2B0qnmjPFnawD3f9Xu9lxhG0ccqlUGkxHbYkinQDg3H4amZ6JZcBSOC4idFjpSywUOcxfQgbbtaJcmluSPI%2FhMuukmzNhBUd269my9BBhChrqcMCbdcT8dRq0Ns1GP11owwGBu6tKaIoZVBW7qg1KajzAB&tag", "lotSize": 1, "unitPrice": {"currency": "USD", "value": "31.68", "display": "US $31.68"}, "grossUnitPrice": {"currency": "USD", "value": "31.68", "display": "US $31.68"}, "price": {"currency": "USD", "value": "31.68", "display": "US $31.68"}, "grossPrice": {"currency": "USD", "value": "31.68", "display": "US $31.68"}, "orders": 2, "displayFlags": [], "seller": {}, "flags": {"freeShipping": false}, "real_product_id": "32999974865"}, {"productId": "ASdnJEVkdxbTc5bkdhNUdHenBTdFFuUXBMejY0Zzh0cVJkY3hNVnlYWEJkQT0=", "title": "Adult Long Handle Umbrella Vintage Light Clear Beach Umbrella Rain Women Wedding Beach Paraguas Mujer Rain Gear BY50YS", "imageUrl": "https://ae01.alicdn.com/kf/Hb269823771e94432843de2d8ea6f330f5.jpg_220x220.jpg", "detailUrl": "https://api.aliseeks.com/products/redirect?path=xc8jxz3qdEBaN50qgI0KCErPOdRLI7m39iPFvbitojvMe%2F0goYOd3P9YRMnEFBc8PCNA%2FK46s5oNDzQ5rgSo4O5xaKyZf4itGvktw4EVpfR7pe4FCrxKaHs2H47sG0y7MIoEZ8dx5Rp4Ej3xSGPtLB6N28o%2BPRjuCwBYZ04kLocYDfTrrgngVvuQ13AmuRX8XfdYr9Dhck3KbyXimqck5lwRQb2M3buxP%2BSEEM94lAg%3D&tag", "lotSize": 1, "unitPrice": {"currency": "USD", "value": "24.24", "display": "US $24.24"}, "grossUnitPrice": {"currency": "USD", "value": "24.24", "display": "US $24.24"}, "price": {"currency": "USD", "value": "24.24", "display": "US $24.24"}, "grossPrice": {"currency": "USD", "value": "24.24", "display": "US $24.24"}, "ratings": 5.0, "orders": 1, "displayFlags": [], "seller": {}, "flags": {"freeShipping": false}, "real_product_id": "1005002310695118"}, {"productId": "ASUlhyNzNxMGpXTnB1VERQaDV3MUV4bTFTbGhSTFBZeVg=", "title": "Ancient China Japan Umbrella Hanfu Kimono Flower Movie TV Photograph Studio Dance Umbrella Sword Cosplay Game Projects Umbrella", "imageUrl": "https://ae01.alicdn.com/kf/HTB1CPrSPrrpK1RjSZTEq6AWAVXau.jpg_220x220.jpg", "detailUrl": "https://api.aliseeks.com/products/redirect?path=Yh15jzUsewNvaPnCT7E1xisFbwLIhgfRHeLeg4Aw1k0XhdyZZEebt4mhSU%2FVn%2BBadnJKxOkPmcrXiE0cfpOSLmnsiUXV9hw9Ks6rvFle61B%2BCUpEHLjZqSwMJ19eHtyHxT3ra6bWf8TMcAB4Lz%2Fns2%2FI0xE5YYYFSgeBdnnwgRO0qmz0en%2FS8LBpk3BtS19qkvT8A7wm8HAuZNcY8WmXz9CCO68heWYh&tag", "lotSize": 1, "unitPrice": {"currency": "USD", "value": "23.11", "display": "US $23.11"}, "grossUnitPrice": {"currency": "USD", "value": "23.11", "display": "US $23.11"}, "price": {"currency": "USD", "value": "23.11", "display": "US $23.11"}, "grossPrice": {"currency": "USD", "value": "23.11", "display": "US $23.11"}, "orders": 0, "displayFlags": [], "seller": {}, "flags": {"freeShipping": false}, "real_product_id": "32999162678"}, {"productId": "ASM0JWdmF1a3EvUkg5TnFVcFV0bUZXK3ZIemJ4WlZjQVJxMVhVT2N0RE5paz0=", "title": "Satin cloth umbrella women's photography props Chinese knot pendant tassel umbrella gauze classical oil paper umbrella parasol", "imageUrl": "https://ae01.alicdn.com/kf/Hc997147a364d4541ba80cea222e798bfz.jpg_220x220.jpg", "detailUrl": "https://api.aliseeks.com/products/redirect?path=n7SvxQMbaEUTayqcIWq4HRMcimWCNBt4C9rUQpFhmJN2SV2WdiSlhbBmbJztZHmskPaeIzSC6ZzOB8gLXejCw88VpkE2nqAAVDMksjMZ%2Fkb4wMj4t3x7FCauC0F7Qp78Dd89Nno5d2UjPNA5pKdq12mWKkZRzVGnoHTkBBga36vHu3GNq4FpRasAhV%2B5KTFVYq8DjLF2aRZVuw4Iq4CrX12cWJcnaVDDvK1ZrTgn%2Fbg%3D&tag", "lotSize": 1, "unitPrice": {"currency": "USD", "value": "15.49", "display": "US $15.49"}, "grossUnitPrice": {"currency": "USD", "value": "15.49", "display": "US $15.49"}, "price": {"currency": "USD", "value": "15.49", "display": "US $15.49"}, "grossPrice": {"currency": "USD", "value": "15.49", "display": "US $15.49"}, "ratings": 5.0, "orders": 6, "displayFlags": [], "seller": {}, "flags": {"freeShipping": false}, "real_product_id": "1005002648501829"}, {"productId": "AScm5iZUtReGNVL1JUbWxXTlE2QmRoUWlVb0JmRnpnQjg=", "title": "Hanfu costume photography props tassel streamers craft  Fairy photo COS photo network red live dance umbrella", "imageUrl": "https://ae01.alicdn.com/kf/HTB1u.SZbXT7gK0jSZFpq6yTkpXaz.jpg_220x220.jpg", "detailUrl": "https://api.aliseeks.com/products/redirect?path=CZMNCIGaKOQxvSRkLt7ZDvmQSqkeqz%2BMmO23Bx%2F2RnaM33LnQt8n8tug3z1OpukVd1EbOAp38fvPtlsyQTrUZws30%2BrT7Adwm%2FE0JQ6iNABTlLEA%2F6g5eZmgCzVJD2e8ntb%2FCpIOtHVMqK0wtAP%2BiUBmJbB1yjQPxB51km83YWvlEDd0gGLlAzLXFfdapdUZ8o25IXWZG8CpT0qZNz3qDx54Fj2H0Pld&tag", "lotSize": 1, "unitPrice": {"currency": "USD", "value": "13.99", "display": "US $13.99"}, "grossUnitPrice": {"currency": "USD", "value": "13.99", "display": "US $13.99"}, "price": {"currency": "USD", "value": "13.99", "display": "US $13.99"}, "grossPrice": {"currency": "USD", "value": "13.99", "display": "US $13.99"}, "orders": 0, "displayFlags": [], "seller": {}, "flags": {"freeShipping": false}, "real_product_id": "4000030786656"}, {"productId": "ASRnh4NmFlQXRDUi9pdDVKWHVwdG14ZmVSTW1ITVhlak45SDhweHhQK0NMbz0=", "title": "82CM Umbrella Rain Women With Fan Paraguas Guarda Chuva Chinese Style Cherry Spring Photo Stage Photo Prop Tassel Umbrella", "imageUrl": "https://ae01.alicdn.com/kf/He326b2e5c7b94250bf90585d952762faN.jpg_220x220.jpg", "detailUrl": "https://api.aliseeks.com/products/redirect?path=T43VT%2BJO7uBq3Kgn%2FW6sOPNfLT9sZbSmo3CjXwhU9DGd8uXQvM535lWPd3iAk0MTXgxwOGfcKMY0YKZwMFkQRaqWy8CzsKZ5Katbeo%2B%2FVeNXea7mTp7tnvicpoTc8XgHv5KFBLnBXYH0gxCv1bK45XWIAEVUOnfD%2F446MklZa3VVLnLENj7L7arJALrTwL7fx05%2B5p%2B%2F%2BZSM%2F9z%2Fub89HJ8%2BvhseC5wZeHhPcnhGfnQ%3D&tag", "lotSize": 1, "unitPrice": {"currency": "USD", "value": "13.49", "display": "US $13.49"}, "grossUnitPrice": {"currency": "USD", "value": "13.49", "display": "US $13.49"}, "price": {"currency": "USD", "value": "13.49", "display": "US $13.49"}, "grossPrice": {"currency": "USD", "value": "13.49", "display": "US $13.49"}, "orders": 1, "displayFlags": [], "seller": {}, "flags": {"freeShipping": false}, "real_product_id": "1005002157686214"}, {"productId": "ASYXZDbWhSM1FrbjlpeVBmVWV1cEZaMHBXY09IdXQ1czhqMGJoQWdtSGpxdz0=", "title": "Chinese Style Oil Paper Umbrella Women Gift Cherry Blossoms Peony Flower Ancient Dance Umbrella Mall Decorative Craft Umbrella #", "imageUrl": "https://ae01.alicdn.com/kf/Hc099d89aa11c411a8f24059fd7a2de1e1.jpg_220x220.jpg", "detailUrl": "https://api.aliseeks.com/products/redirect?path=E0l0PhqDbMpbqkYg1MCGcSaCfWgFOBqHtwFVQsn4noXc6LJ%2BHJLDgB3FOYyBdaxh%2FLp9TjcKLzKJHlwPhCSeXRAGkgqRpmOmr9MCmbqdPCIYehaUB9JzwGw98O0zHb39CdIl32jzMk%2BgldzFf9qXgSA0%2FO%2BgTVpf2VSS%2F%2FHh6H2jO6wLAjuNr7PiCxeJ9SohPuujj2Z%2ByLDXKV1tXeWg2efyw%2BWUhO52R7tdVTr5bOw%3D&tag", "lotSize": 1, "unitPrice": {"currency": "USD", "value": "5.33", "display": "US $5.33"}, "grossUnitPrice": {"currency": "USD", "value": "5.33", "display": "US $5.33"}, "price": {"currency": "USD", "value": "5.33", "display": "US $5.33"}, "grossPrice": {"currency": "USD", "value": "5.33", "display": "US $5.33"}, "ratings": 1.0, "orders": 1, "displayFlags": [], "seller": {}, "flags": {"freeShipping": false}, "real_product_id": "1005002291373762"}, {"productId": "ASVnY0aGpVMVlzVko5c2FrN1QwcE54elVKNlFNWmNvR3g2QjZFcVJlU1pZQT0=", "title": "Rain Women Umbrella Bottle Rainproof Decoration Chinese Style Retro Oil Paper Umbrella Straight Sombrilla Gifts Women AG50YS", "imageUrl": "https://ae01.alicdn.com/kf/H65c10217bce343ce937f0e4418b9586dW.jpg_220x220.jpg", "detailUrl": "https://api.aliseeks.com/products/redirect?path=MtQa804z6XcliacZnrecc4aPNoOUda2RndY%2BnshVbujeuMMJ8JJQ5qrsCxlPJtAsDEeKikoVliPcpA2uSoRthONmDOzaEhEpIZT9vjRTrze6mBcaY%2BVr8woRh35JQIbvo%2F1Ul%2FLtK6t7CcgoIOeywkuuOZEhw8XW4lL5j%2BoVCvpaIIsDtDEjs3pXV49nDRZIFhHaFRK8VI3fT0Pl6bh1G9wstX5eMNPlAMC3fvJvzbg%3D&tag", "lotSize": 1, "unitPrice": {"currency": "USD", "value": "101.06", "display": "US $101.06"}, "grossUnitPrice": {"currency": "USD", "value": "101.06", "display": "US $101.06"}, "price": {"currency": "USD", "value": "101.06", "display": "US $101.06"}, "grossPrice": {"currency": "USD", "value": "101.06", "display": "US $101.06"}, "orders": 0, "displayFlags": [], "seller": {}, "flags": {"freeShipping": false}, "real_product_id": "1005003066633546"}, {"productId": "ASVzVkc0RjdkoyeGVLVGxyeUlSQ3QzQmRkeWlxZjh5Tm1JMXBaZHZYNHlaMD0=", "title": "Rainproof cloth umbrella antique prop umbrella Hanfu umbrella performance umbrella classical decorative umbrella craft umbrella", "imageUrl": "https://ae01.alicdn.com/kf/H55f59f3e5728456f9b75098bc7663472O.jpg_220x220.jpg", "detailUrl": "https://api.aliseeks.com/products/redirect?path=4HgriT5LNnocGQzjLeEGBiF%2BOx8Vk%2BcitBh00jDyxtitIlRA9NArqcVvstwj%2FtrKkx7D0D2X5%2F8fA1NqmSyUVWT%2F45NFsShElNurM4wYc9mFSzu4UpEl1qpONIrklZWF%2BT5GGgRB0A7ix3S6gm6eGoImGn%2FejNtGoEdnVUTcVbwpNz20JMfx19LI7qCSAQy6ZRB3lw1wXAZ8mcWYS8TLpUipHgjsi6CmG4VbazwzqOM%3D&tag", "lotSize": 1, "unitPrice": {"currency": "USD", "value": "14.31", "display": "US $14.31"}, "grossUnitPrice": {"currency": "USD", "value": "14.31", "display": "US $14.31"}, "price": {"currency": "USD", "value": "14.31", "display": "US $14.31"}, "grossPrice": {"currency": "USD", "value": "14.31", "display": "US $14.31"}, "ratings": 5.0, "orders": 6, "displayFlags": [], "seller": {}, "flags": {"freeShipping": false}, "real_product_id": "1005002907629884"}, {"productId": "ASWGEzTHdlTmVTMGJna3dBdFJTM1QxdVlrek52RzJneC94bmpwOGlOcmNGYz0=", "title": "Rainproof Long Umbrella Women Bottle Decoration Chinese Style 100 Cm Oil Paper Umbrella Straight Paraguas Home Garden AG50YS", "imageUrl": "https://ae01.alicdn.com/kf/H710e70481b084b299ad494965934fa76p.jpg_220x220.jpg", "detailUrl": "https://api.aliseeks.com/products/redirect?path=6FycBv6DsxDfPISQq67utG6v9O5rcb8NMR%2FXzqYwzads2U42tJh%2FiMzONYxp%2FRyCrAY2Bxbe5%2FQBc9GbreD6bAYERcz%2FNO7lLIaB2fcAYCii9wGeN%2FIuL5lPSAEJ8S5Fvg%2BCxqP2EMLWGoiMsCyELnUpGII8QEYO108aK4rA11eaZ0PmBzj65YukY1uQgOSfCpsw7q9jQRalGKhM%2FzNPghDxdIa4n7%2FCCTX25IFg14g%3D&tag", "lotSize": 1, "unitPrice": {"currency": "USD", "value": "107.72", "display": "US $107.72"}, "grossUnitPrice": {"currency": "USD", "value": "107.72", "display": "US $107.72"}, "price": {"currency": "USD", "value": "107.72", "display": "US $107.72"}, "grossPrice": {"currency": "USD", "value": "107.72", "display": "US $107.72"}, "orders": 0, "displayFlags": [], "seller": {}, "flags": {"freeShipping": false}, "real_product_id": "1005003066668119"}, {"productId": "ASdnN5WUJXaDhQQ1dNY0pYZ2EzTlN3aTlBaEFNTENIWmVvSXJPaFJBakkzUT0=", "title": "Women's Rain Umbrella Chinese Umbrella fengshui Silk Dance Japanese Decorative Bamboo Umbrella Oil Paper Umbrella parasol #0", "imageUrl": "https://ae01.alicdn.com/kf/Hf3f20ad618cb459a9b0aa2178b12491dQ.jpg_220x220.jpg", "detailUrl": "https://api.aliseeks.com/products/redirect?path=w0GUxTqS24OtOXeYkSuX%2FwHFV%2FEFYm%2B8JRYRwGFjPPGclU6Rz1zEzM%2B25mEA57pXYue5hUjoJRoGSxRJChsAnoo617tBIDh6wiEUUFWC5QVzMYeyM0KOgDFy0a1oIOuKFMwvQBpBS42jfBiaMNUojc6W5Uk4laimrh0Aib5dHeiGOYOnCP3j2oLl%2Fnk55CvhNBWwUToQnax7%2FHa%2FTcgc1dwHZWnaupXlw316GLs7NDw%3D&tag", "lotSize": 1, "unitPrice": {"currency": "USD", "value": "5.38", "display": "US $5.38"}, "grossUnitPrice": {"currency": "USD", "value": "5.38", "display": "US $5.38"}, "price": {"currency": "USD", "value": "5.38", "display": "US $5.38"}, "grossPrice": {"currency": "USD", "value": "5.38", "display": "US $5.38"}, "orders": 1, "displayFlags": [], "seller": {}, "flags": {"freeShipping": false}, "real_product_id": "1005002519412976"}, {"productId": "ASM1RyWWpMbitsT0NMZzluUkU5MXVXMHh2Tkw1Z0FoOXc=", "title": "30pcs Bamboo Diameter 23.6inch Wedding Umbrella Parasol White Paper Long Handle Wedding Bridal Favor Parasol Adult Size", "imageUrl": "https://ae01.alicdn.com/kf/H69f5adb2ffb14a5b83d9efcfa037ca21R.jpg_220x220.jpg", "detailUrl": "https://api.aliseeks.com/products/redirect?path=vvnJWy8Qw8Jkz1n84B6MVTxwXM5tttcfLqrnAGybYbD8W546C2ryjEKdav5aSSGBheXWRQWLsWhEGYhKnx8Y3AigHaWjgzPBSSEZ6toYnQ%2BhZdMfTc3fj%2BzQdtf6ZddO0VWvRGW%2B76lAkQV86ub0Yv98kOf05qo2ZQyjJNSawvSKwVjZlrGxyretmBP7YQebG2FHzKWq41K62icVWgd%2BIr4HAvbB0w5E&tag", "lotSize": 1, "unitPrice": {"currency": "USD", "value": "128.25", "display": "US $128.25"}, "grossUnitPrice": {"currency": "USD", "value": "128.25", "display": "US $128.25"}, "price": {"currency": "USD", "value": "128.25", "display": "US $128.25"}, "grossPrice": {"currency": "USD", "value": "128.25", "display": "US $128.25"}, "orders": 0, "displayFlags": [], "seller": {}, "flags": {"freeShipping": false}, "real_product_id": "4000283321901"}, {"productId": "ASN2hTTlVLQ2I2aEt6c1J3enllR2E5ZXlzMVJ0YTgyaHhGMUJ3VUVhcmxTST0=", "title": "Long Straight Umbrella Bottle Rain Women Chinese Style Folding Umbrella Vintage Paper Water Proof Sombrillas Home Garden AG50YS", "imageUrl": "https://ae01.alicdn.com/kf/H6dcb2e5de8e24b6f83bb13551beccb93j.jpg_220x220.jpg", "detailUrl": "https://api.aliseeks.com/products/redirect?path=Cmoq8f6KisvMH68tAlr2uD1xu6Iayi%2Fq9goMXbP2%2F5QPiB7CzwWTUPL%2BsDo7Y3ELHT9XGSbVz2Bkx7G%2BThsb6pRDSovQeDtTHJE5PHPqYEDxS3kZ7JTErhdzU5DD2tPQIbwVBMTobTwB6BFMPGNX1uu8A4UbNfbFfrULCHMk%2F8aEzFPueblMKhDZsrQRRetwujnYMsg2W9gqI801cSmMPcNzRgRzmSqtMu66OH6YGpM%3D&tag", "lotSize": 1, "unitPrice": {"currency": "USD", "value": "45.65", "display": "US $45.65"}, "grossUnitPrice": {"currency": "USD", "value": "45.65", "display": "US $45.65"}, "price": {"currency": "USD", "value": "45.65", "display": "US $45.65"}, "grossPrice": {"currency": "USD", "value": "45.65", "display": "US $45.65"}, "orders": 0, "displayFlags": [], "seller": {}, "flags": {"freeShipping": false}, "real_product_id": "1005003066596828"}, {"productId": "ASb2JKRWZmQkE4YWV4SFBSQlROZFB6QW0xQ2RyakNibi9CMStHd202aGVqbz0=", "title": "Women Long Handle Umbrella Decoration Rain Windproof Large Chinese Style Retro Umbrella UV Protection Sombrilla Gifts AG50YS", "imageUrl": "https://ae01.alicdn.com/kf/Hf3acf7ee48d14e03a2f024f9a49e4436S.jpg_220x220.jpg", "detailUrl": "https://api.aliseeks.com/products/redirect?path=SkJpw523JQEwFOdwqbqo4i1peq5BcCAiGflMbOBZIllyehp3Jxb5NHCxhsMZuhTZODHjlva%2FwsIQc0KkvfluvvnJgym1aM7XSRYLCG2CAhnlT4gdSiyNGQbYyBeYCfeXG4z%2B1mQohv%2FEtqWIksaqnVLu9A4eizQzyHUcPKQpC71hlL95y7MBrWdnGCXO0RP2e6b0p7FGVHrwPcUFGZvntTItJqtHru0tqwT3YAA4NUI%3D&tag", "lotSize": 1, "unitPrice": {"currency": "USD", "value": "88.7", "display": "US $88.70"}, "grossUnitPrice": {"currency": "USD", "value": "88.7", "display": "US $88.70"}, "price": {"currency": "USD", "value": "88.7", "display": "US $88.70"}, "grossPrice": {"currency": "USD", "value": "88.7", "display": "US $88.70"}, "orders": 0, "displayFlags": [], "seller": {}, "flags": {"freeShipping": false}, "real_product_id": "1005003066639405"}, {"productId": "ASSUxWZHZQRTZBN0xIUW5GeThDZWlRWno5UFVFbVQwQmE=", "title": "30pcs Bamboo Diameter 23.6inch Wedding Umbrella Parasol White Paper Long Handle Wedding Bridal Favor Parasol Adult Size ZA0946", "imageUrl": "https://ae01.alicdn.com/kf/HTB1sTbyNXXXXXciXVXXq6xXFXXXW.jpg_220x220.jpg", "detailUrl": "https://api.aliseeks.com/products/redirect?path=d9qXKAQwCsP31oOXXlNjjDZh%2B82tMO%2FmmJ5uS0s3kJXjR8Ja5oCf3bmw0z1Zwp982yxSGO4It%2FukfjSTNLWw%2FdSQRq6RUfatAA8Twuy%2FyiMhkFXsP4swhEYGDLbXGmQlzYq1licvXf%2BN1LAIz7Cc4JujHCUHUFknwrjqrUwDKMNKVeryRNgUYFpNkkFUn8oNUKccVeTLL7PMOsl3K8CTzMn7Je7JOoSa&tag", "lotSize": 1, "unitPrice": {"currency": "USD", "value": "137.08", "display": "US $137.08"}, "grossUnitPrice": {"currency": "USD", "value": "137.08", "display": "US $137.08"}, "price": {"currency": "USD", "value": "137.08", "display": "US $137.08"}, "grossPrice": {"currency": "USD", "value": "137.08", "display": "US $137.08"}, "ratings": 2.5, "orders": 0, "displayFlags": [], "seller": {}, "flags": {"freeShipping": false}, "real_product_id": "32733147867"}, {"productId": "ASNlg1RmRJYUtzZ0d3bU5nOWVlOWsvQSt6T1lZWlYrL3g=", "title": "New Silk Cloth Oil Paper Umbrella Rain Women Decor Vintage Dance Prop Peach Blossom Chinese Intangible Cultural Parasol Paraguas", "imageUrl": "https://ae01.alicdn.com/kf/Hb9699aa259464b0f8ebfbbb5d598414ci.jpg_220x220.jpg", "detailUrl": "https://api.aliseeks.com/products/redirect?path=5bzG%2BfK4uHY2rmKeFzeQT7oGb3SZ5FWH4wLfL24e%2FCLkNeHlw%2Fempvwon7LjaAFJvd0FuEAZlWRtHTZ2OYsZXokEC3jpL%2FKCQByYR5qBT6BQWXOFXv6okeRyb73CO0diTHwbLVZxrH7nv6fPmCvJhlbaCbIRFQvMT5G1MGW0VHYsdagXdnWEckdFa4Cr89I7u9EHkY7FtjZDJT%2B5mabuPKzFu6JlxBzs&tag", "lotSize": 1, "unitPrice": {"currency": "USD", "value": "13.43", "display": "US $13.43"}, "grossUnitPrice": {"currency": "USD", "value": "13.43", "display": "US $13.43"}, "price": {"currency": "USD", "value": "13.43", "display": "US $13.43"}, "grossPrice": {"currency": "USD", "value": "13.43", "display": "US $13.43"}, "ratings": 4.9, "orders": 193, "displayFlags": [], "seller": {}, "flags": {"freeShipping": false}, "real_product_id": "1000008097911"}, {"productId": "ASN0IyOG5WTEZXNkJrenE4MDUwbkNURFNsZHB3bkpCZVNYd0duRHBBUlpFVT0=", "title": "Chinese Traditional Cheongsam Dance Umbrella Peony Print Silk Cloth Umbrella Stage Performance Suplies", "imageUrl": "https://ae01.alicdn.com/kf/Hcc66c326243e4b54aa44abd9aa810c0el.jpg_220x220.jpg", "detailUrl": "https://api.aliseeks.com/products/redirect?path=9I4DTneUzNLw8o4f4398YYY51eaOFb9K%2FBnliYF7WFiQh34kiOKI1cE1MpTTNjFnHXFsRzofqZPzGaffMQ2XUbb%2Ffw5i4Sxyzh4USIiFeu2g%2Fx0PC%2FHtfcoL7VQd1q844BF4CqYN69o6nyDbGMZPVFwkI%2Fkqdrxe%2FiLOX9Uvi4ngcxpK0XfOO4Cl9ZcQfJHbACPGZS4GxDt6%2Bv55L5bLgMszS9iImcK5pUXV9VJ%2Bn3o%3D&tag", "lotSize": 1, "unitPrice": {"currency": "USD", "value": "9.69", "display": "US $9.69"}, "grossUnitPrice": {"currency": "USD", "value": "9.69", "display": "US $9.69"}, "price": {"currency": "USD", "value": "9.69", "display": "US $9.69"}, "grossPrice": {"currency": "USD", "value": "9.69", "display": "US $9.69"}, "orders": 0, "displayFlags": [], "seller": {}, "flags": {"freeShipping": false}, "real_product_id": "1005002292697235"}, {"productId": "ASTHU5QlpvZWNoc1Z3YngycjZXb0xhQ2k5aEJrcTQySmY=", "title": "Rain proof women cosplay Oiled Paper Umbrella with fan Cheongsam hanfu chinese traditional Oiled Paper Umbrella wholesale", "imageUrl": "https://ae01.alicdn.com/kf/Hc118f077c5bf426d8ca2ec50e43fd4e9M.jpg_220x220.jpg", "detailUrl": "https://api.aliseeks.com/products/redirect?path=0AYWRVxBmTipEh7pHXScuVx36uilIHEYXRG9QYZXC8JELeSn6ymOwpyCT9NbBzCT1yamzaTe1kinS%2FJTmwxdo4rYX%2B3ErE7Ud7JxyO4Y9tmpBqPi3tmCCH3Y8lByxG0kE49AEsBrvXIsLDajkPxH59d2vkKCH0%2FCcXYPPMDS8ApKAX1KlPKAuenUe1S5mSzVaRNIw4PFJViAUbqcXnREC48RoCSojPNm&tag", "lotSize": 1, "unitPrice": {"currency": "USD", "value": "44.05", "display": "US $44.05"}, "grossUnitPrice": {"currency": "USD", "value": "44.05", "display": "US $44.05"}, "price": {"currency": "USD", "value": "44.05", "display": "US $44.05"}, "grossPrice": {"currency": "USD", "value": "44.05", "display": "US $44.05"}, "orders": 0, "displayFlags": [], "seller": {}, "flags": {"freeShipping": false}, "real_product_id": "4000190374093"}, {"productId": "ASYVZyNHpzUmRJcGVzK2xGV1VBT0h1UExYV0JZdUY1MnNsM09HRkJqTUpwbz0=", "title": "20pcs/lot 20cm diameter Bamboo Wedding Umbrella Parasol White Paper Long Handle Wedding Favor Parasol", "imageUrl": "https://ae01.alicdn.com/kf/H5954f6a98d6a4031b0dec239242e1f15o.jpg_220x220.jpg", "detailUrl": "https://api.aliseeks.com/products/redirect?path=93soeBYbhxJYoJVcM3xjU6xD%2Buv2Q6ZJdJhr4%2FU0zgirRWx41fZe2oYgUaOIPkA%2FtpnsPvCK6gh8iGAVaNRdvSK7tTMeeAhdQpymX%2FuY2stVJL2Q5l61UMo9YI4DH%2B99qjCc9NghGtEFIksbmxtyutplWhQ3htC1%2BotyJTAgdqFE6bi2HAi%2FL%2FtFXnn%2F2wXIcXCTv1cXXffSbwSeDDDJlCOX7oL4Ie4p%2FEX4andS5bs%3D&tag", "lotSize": 1, "unitPrice": {"currency": "USD", "value": "55.46", "display": "US $55.46"}, "grossUnitPrice": {"currency": "USD", "value": "55.46", "display": "US $55.46"}, "price": {"currency": "USD", "value": "55.46", "display": "US $55.46"}, "grossPrice": {"currency": "USD", "value": "55.46", "display": "US $55.46"}, "orders": 0, "displayFlags": [], "seller": {}, "flags": {"freeShipping": false}, "real_product_id": "1005002970087669"}]